subject,gametype,trainingset,learnertype,p1,p2,p3,p4,p5,p6,p7,p8,p9,p10,p11,p12,p13,p14,p15,p16,p17,p18,p19,p20,p21,p22,p23,p24,p25,p26,p27,p28,p29,p30,p31,p32,p33,p34,p35,p36,p37,p38,p39,p40,p41,p42,p43,p44,p45,p46,p47,p48,t1,t2,t3,t4,t5,t6,t7,t8,t9,t10,t11,t12,t13,t14,t15,t16,t17,t18,t19,t20,t21,t22,t23,t24,t_err_abs1,t_err_abs2,t_err_abs3,t_err_abs4,t_err_abs5,t_err_abs6,t_err_abs7,t_err_abs8,t_err_abs9,t_err_abs10,t_err_abs11,t_err_abs12,t_err_abs13,t_err_abs14,t_err_abs15,t_err_abs16,t_err_abs17,t_err_abs18,t_err_abs19,t_err_abs20,t_err_abs21,t_err_abs22,t_err_abs23,t_err_abs24,input1_1,input1_2,input1_3,input1_4,input1_5,input1_6,input1_7,input1_8,input1_9,input1_10,input1_11,input1_12,input1_13,input1_14,input1_15,input1_16,input1_17,input1_18,input1_19,input1_20,input1_21,input1_22,input1_23,input1_24,input2_1,input2_2,input2_3,input2_4,input2_5,input2_6,input2_7,input2_8,input2_9,input2_10,input2_11,input2_12,input2_13,input2_14,input2_15,input2_16,input2_17,input2_18,input2_19,input2_20,input2_21,input2_22,input2_23,input2_24
201,1,1,2,1,0,1,1,1,1,1,1,1,1,1,1,1,1,1,1,1,1,1,1,1,1,1,1,1,1,1,1,1,1,1,1,1,1,1,1,1,1,1,1,1,1,1,1,1,1,1,1,1,1,1,0,1,1,1,1,1,1,1,1,1,1,1,1,1,1,1,1,1,1,1,1,0,0,0,2,0,0,0,0,0,0,0,0,0,0,0,0,0,0,0,0,0,0,0,0,DP,DM,GD,GD,DP,DY,DM,GD,DY,DM,DP,DP,DM,DY,DY,GD,DJ,DV,DV,DV,DV,DJ,DJ,DJ,,,,,,,,,,,,,,,,,,,,,,,,
202,2,1,3,0,0,0,0,0,0,0,0,0,0,0,0,0,0,1,0,1,0,0,0,0,0,0,0,0,0,0,1,1,0,1,0,1,0,1,0,0,1,0,0,0,0,0,0,1,0,1,1,1,0,0,0,0,0,0,0,0,1,0,0,0,1,0,0,0,0,0,0,1,0,0,0,0,1,5,4,1,1,3,7,1,0,2,3,3,0,2,1,1,5,3,1,0,4,1,3,DM,DP,DM,DY,DP,GD,GD,GD,DM,DY,DM,DY,DP,DY,GD,DP,DJ,DV,DV,DJ,DJ,DV,DJ,DV,,,,,,,,,,,,,,,,,,,,,,,,
203,1,2,3,0,1,0,1,1,1,1,1,1,1,0,1,1,1,1,0,1,1,1,1,1,1,0,0,1,0,1,1,1,0,1,1,1,1,0,1,1,1,0,1,0,1,1,1,1,1,1,1,0,1,1,1,1,1,0,1,0,1,1,1,0,1,0,1,0,0,1,0,0,0,0,0,1,0,0,0,0,0,2,0,2,0,0,0,2,0,2,0,4,5,0,3,2,4,6,1,DY,DM,DM,DM,GD,GD,DY,GD,DY,DP,DM,DP,DY,GD,DP,DP,DJ,DV,DV,DJ,DJ,DJ,DV,DV,,,,,,,,,,,,,,,,,,,,,,,,
204,2,2,1,0,0,1,0,1,1,0,0,0,0,1,1,1,1,1,0,0,1,1,0,1,1,1,1,1,1,1,1,1,1,1,1,1,1,1,1,1,1,1,1,1,1,1,1,1,1,1,1,0,0,1,1,1,1,1,1,1,1,1,1,1,1,1,1,0,1,0,1,1,1,0,0,2,11,0,0,0,0,0,0,0,0,0,0,0,0,0,0,1,0,2,0,0,0,14,14,DY,DM,GD,DY,DP,DY,DM,GD,GD,DP,DM,DY,DM,DP,GD,DP,DJ,DV,DJ,DJ,DV,DJ,DV,DV,,,,,,,,,,,,,,,,,,,,,,,,
205,1,1,2,0,1,1,1,1,1,1,1,1,1,1,1,1,1,1,1,1,1,1,1,1,1,1,1,1,1,1,1,1,0,1,1,1,1,1,1,1,1,1,1,1,1,1,1,1,1,1,1,1,1,1,1,1,1,1,1,1,1,1,1,1,1,1,1,1,1,1,1,1,1,1,1,0,0,0,0,0,0,0,0,0,0,0,0,0,0,0,0,0,0,0,0,0,0,0,0,DP,DM,DY,DP,DY,DP,DP,GD,DM,DY,GD,DY,DM,GD,DM,GD,DJ,DJ,DV,DV,DV,DJ,DV,DJ,,,,,,,,,,,,,,,,,,,,,,,,
206,2,1,1,0,0,1,1,1,1,1,1,1,1,1,1,1,1,1,1,1,1,1,1,1,1,1,1,1,1,0,1,0,1,1,1,1,1,1,1,1,1,1,1,1,1,1,1,1,1,1,1,0,1,1,1,1,1,1,1,1,1,1,1,1,1,1,1,1,1,1,1,1,1,1,1,1,0,0,0,0,0,0,0,0,0,0,0,0,0,0,0,0,0,0,0,0,0,0,0,GD,GD,DY,DY,DP,GD,DY,DM,DM,DM,DP,DY,DP,DM,DP,GD,DJ,DJ,DV,DJ,DV,DJ,DV,DV,,,,,,,,,,,,,,,,,,,,,,,,
207,1,2,3,1,0,1,0,1,1,1,0,1,1,1,0,1,0,1,0,1,1,1,1,1,1,1,1,1,1,0,1,0,1,1,1,1,1,1,1,1,1,1,1,1,1,1,1,1,1,1,1,1,1,1,1,1,1,1,1,0,1,1,0,0,1,1,0,0,0,0,0,0,0,0,1,0,0,0,0,0,0,0,0,1,0,0,3,2,0,0,1,2,3,3,2,6,7,4,0,GD,DM,GD,DP,DP,DM,DP,DP,DY,GD,DY,DY,DY,GD,DM,DM,DJ,DJ,DV,DJ,DV,DV,DJ,DV,,,,,,,,,,,,,,,,,,,,,,,,
208,2,2,1,0,1,1,0,1,1,0,0,1,0,0,1,1,1,0,1,1,0,1,0,0,1,1,1,0,0,1,1,0,1,1,1,1,1,1,0,1,0,1,1,0,1,1,1,1,0,1,1,1,1,0,0,0,0,0,1,1,1,1,1,0,1,1,0,0,0,1,0,0,0,0,0,0,0,2,3,3,1,1,0,0,0,0,0,1,0,0,2,8,6,0,6,1,1,9,6,DY,DP,DP,DY,DM,DM,DY,DM,GD,DM,DP,GD,DY,GD,GD,DP,DV,DJ,DV,DJ,DV,DJ,DJ,DV,,,,,,,,,,,,,,,,,,,,,,,,
209,1,1,1,0,0,0,0,0,0,0,0,1,0,0,0,1,0,0,0,1,0,0,0,0,0,0,1,1,1,1,1,1,0,0,0,0,0,0,1,0,1,0,0,0,0,1,0,0,1,0,0,0,0,0,0,0,0,0,0,0,1,0,0,0,0,0,0,0,0,0,0,0,0,0,1,2,3,1,5,2,1,1,5,4,0,3,1,3,4,1,3,4,3,5,5,4,1,4,0,DY,GD,DM,GD,DM,DM,GD,DY,DM,DP,DY,DP,DY,DP,GD,DP,DJ,DV,DV,DV,DJ,DJ,DV,DJ,,,,,,,,,,,,,,,,,,,,,,,,
210,2,1,2,0,0,0,0,0,0,0,0,0,0,0,0,0,0,1,0,0,0,0,0,0,0,0,0,1,0,1,0,0,0,0,0,0,0,1,1,0,0,0,1,0,0,0,0,1,0,1,0,0,0,0,0,0,0,0,0,1,0,0,1,0,0,1,0,0,0,0,0,0,0,0,0,9,4,1,1,1,1,5,8,0,4,4,0,2,3,0,1,7,1,11,7,2,3,3,6,DP,DP,DM,DY,DP,DY,GD,DM,DY,GD,GD,DM,DM,DP,DY,GD,DJ,DJ,DJ,DV,DV,DV,DV,DJ,,,,,,,,,,,,,,,,,,,,,,,,
211,1,2,1,0,0,0,1,0,0,1,1,1,1,1,1,0,1,1,1,1,0,1,1,1,1,1,1,1,1,1,1,1,1,1,0,1,1,1,1,1,1,1,1,1,1,1,0,1,1,1,1,1,1,1,1,1,1,1,1,1,1,1,1,1,1,1,1,1,1,1,1,1,0,1,1,0,0,0,0,0,0,0,0,0,0,0,0,0,0,0,0,0,0,0,0,0,1,0,0,DM,DY,DY,DM,GD,DM,DP,DM,GD,DP,GD,DY,GD,DY,DP,DP,DV,DV,DJ,DJ,DV,DV,DJ,DJ,,,,,,,,,,,,,,,,,,,,,,,,
212,2,2,1,0,1,1,0,0,1,0,1,1,0,1,1,1,1,1,1,1,1,1,1,1,1,1,1,1,1,1,1,1,1,1,1,1,1,1,1,1,1,1,1,1,1,1,1,1,1,1,1,1,1,0,1,0,1,0,1,1,0,1,0,0,1,0,1,0,0,0,0,1,0,1,0,0,0,4,0,3,0,2,0,0,3,0,1,8,0,9,0,6,5,2,1,0,4,0,4,GD,DP,DM,DP,DM,GD,DM,GD,DP,DY,DY,DY,DY,DP,DM,GD,DJ,DV,DV,DJ,DV,DV,DJ,DJ,,,,,,,,,,,,,,,,,,,,,,,,
213,1,1,1,1,0,1,1,1,1,1,1,1,1,1,1,1,1,1,1,1,1,1,1,1,1,1,1,1,1,1,1,1,1,1,1,1,1,1,1,1,1,1,1,1,1,1,1,1,1,1,1,0,1,1,1,1,1,1,1,1,1,1,1,1,1,1,1,1,1,1,1,1,1,1,1,1,0,0,0,0,0,0,0,0,0,0,0,0,0,0,0,0,0,0,0,0,0,0,0,DY,DM,DP,GD,GD,DY,DM,DP,DY,GD,DP,DM,DM,GD,DY,DP,DV,DJ,DJ,DV,DJ,DV,DV,DJ,,,,,,,,,,,,,,,,,,,,,,,,
214,2,1,3,0,0,0,0,0,0,0,0,0,0,1,0,0,1,0,0,0,1,1,0,1,0,1,0,0,0,1,1,0,1,0,1,0,0,1,0,1,1,1,1,1,1,1,1,1,1,1,0,0,1,1,1,1,1,1,1,0,1,1,0,1,0,1,0,0,0,0,0,0,1,0,0,3,0,0,0,0,0,0,0,2,0,0,1,0,2,0,2,6,1,7,1,3,0,4,1,GD,DY,GD,DP,DY,DM,DM,GD,DY,DY,DM,DP,DP,DM,DP,GD,DJ,DV,DJ,DV,DJ,DV,DJ,DV,,,,,,,,,,,,,,,,,,,,,,,,
215,1,2,2,0,1,1,1,1,1,1,1,1,1,1,1,1,1,1,1,1,1,1,1,1,1,1,1,1,1,1,1,1,1,1,1,1,1,1,1,1,1,1,1,1,1,1,1,1,1,1,1,1,1,1,1,1,1,1,1,1,1,1,1,1,1,1,1,1,0,1,1,1,1,1,1,0,0,0,0,0,0,0,0,0,0,0,0,0,0,0,0,0,1,0,0,0,0,0,0,DY,DP,DM,DM,GD,DY,GD,DP,DM,GD,GD,DP,DY,DY,DP,DM,DV,DJ,DV,DJ,DJ,DV,DJ,DV,,,,,,,,,,,,,,,,,,,,,,,,
216,2,2,2,0,1,1,1,1,0,0,1,1,1,1,1,1,1,1,1,1,1,1,1,1,1,1,1,1,1,1,1,1,1,1,1,1,1,1,1,1,1,1,1,1,1,1,1,1,1,1,1,0,0,1,1,0,1,0,1,1,0,1,1,1,1,0,1,1,0,0,0,0,0,0,1,1,1,0,0,1,0,1,0,0,2,0,0,0,0,2,0,0,7,8,8,8,8,2,0,DY,DY,DY,GD,DM,GD,DM,DP,DP,DY,DP,DM,GD,DP,DM,GD,DV,DV,DV,DJ,DJ,DJ,DV,DJ,,,,,,,,,,,,,,,,,,,,,,,,
217,1,1,2,1,0,0,1,1,1,1,1,1,1,1,1,1,1,1,1,1,1,1,1,1,1,1,1,1,1,1,1,1,1,1,1,1,1,1,1,1,1,1,1,1,1,1,1,1,1,1,1,1,1,1,1,1,1,1,1,1,1,1,1,1,1,1,1,1,1,1,1,1,1,1,1,0,0,0,0,0,0,0,0,0,0,0,0,0,0,0,0,0,0,0,0,0,0,0,0,DM,GD,GD,DM,DY,DP,DY,DP,DP,GD,DY,DM,DP,DY,GD,DM,DJ,DV,DJ,DV,DV,DJ,DJ,DV,,,,,,,,,,,,,,,,,,,,,,,,
218,2,1,3,1,0,0,0,0,0,0,0,0,1,0,1,1,1,0,0,0,0,0,1,0,0,0,0,0,0,0,0,0,1,1,0,1,0,0,0,0,0,0,0,0,0,0,0,1,0,0,0,1,1,1,1,0,0,0,1,0,0,0,1,0,0,0,1,0,0,0,0,0,0,0,0,0,0,0,0,2,1,2,0,2,1,1,0,1,1,1,0,1,5,3,7,5,3,7,3,DM,GD,DY,DY,GD,DP,DY,GD,DM,DP,DP,GD,DM,DM,DP,DY,DJ,DV,DV,DJ,DJ,DV,DV,DJ,,,,,,,,,,,,,,,,,,,,,,,,
219,1,2,3,0,0,1,1,1,1,1,1,0,1,1,1,1,1,0,1,1,1,1,1,1,1,1,1,1,1,0,1,1,1,1,1,1,1,1,1,1,1,1,1,1,1,1,1,1,1,1,1,0,1,1,1,1,1,1,1,1,1,1,1,1,1,1,1,1,1,1,1,1,1,1,1,1,0,0,0,0,0,0,0,0,0,0,0,0,0,0,0,0,0,0,0,0,0,0,0,DM,DM,GD,GD,DM,DY,DM,DY,DY,DP,DP,DY,GD,DP,DP,GD,DV,DJ,DJ,DV,DV,DJ,DJ,DV,,,,,,,,,,,,,,,,,,,,,,,,
220,2,2,2,1,0,0,0,0,0,0,0,0,1,1,0,0,1,0,1,1,1,1,0,1,1,0,1,0,1,1,1,1,1,0,1,1,1,1,1,1,1,1,1,1,1,1,1,1,1,1,1,1,0,1,1,1,0,1,1,0,0,1,0,1,1,0,1,0,1,0,0,0,0,0,0,0,1,0,0,0,1,0,0,2,2,0,4,0,0,2,0,4,0,4,4,2,4,1,4,GD,DM,DP,DP,GD,DM,DP,DY,DY,DY,GD,DY,DP,GD,DM,DM,DJ,DV,DJ,DJ,DV,DJ,DV,DV,,,,,,,,,,,,,,,,,,,,,,,,
221,1,1,3,0,1,0,1,0,1,1,1,1,1,1,1,1,1,1,1,1,1,1,1,1,1,1,1,1,1,1,1,1,1,1,1,1,1,1,1,1,1,1,1,1,1,1,1,1,1,1,1,1,1,1,1,1,0,1,1,1,1,1,1,1,1,1,1,1,1,1,1,1,1,1,1,0,0,0,0,0,1,0,0,0,0,0,0,0,0,0,0,0,0,0,0,0,0,0,0,DM,DP,DM,DY,DY,GD,GD,GD,DM,DY,GD,DY,DM,DP,DP,DP,DJ,DJ,DV,DV,DV,DJ,DJ,DV,,,,,,,,,,,,,,,,,,,,,,,,
222,2,1,1,0,1,0,0,0,0,1,1,1,0,1,1,1,0,0,0,1,1,1,1,1,1,0,1,0,1,1,1,1,1,1,1,1,1,1,1,1,0,1,1,1,1,1,0,1,1,1,1,1,1,1,1,0,1,1,0,0,0,0,0,1,1,1,0,0,0,0,0,0,0,0,0,0,0,0,0,2,0,0,2,2,3,2,2,0,0,0,2,2,6,2,6,3,6,6,2,DY,DM,GD,DY,GD,DY,DM,DP,GD,GD,DP,DP,DM,DM,DY,DP,DJ,DV,DJ,DV,DJ,DV,DV,DJ,,,,,,,,,,,,,,,,,,,,,,,,
223,1,2,2,0,1,1,1,1,1,1,1,1,1,1,1,1,1,1,1,1,1,1,1,1,1,1,1,1,1,1,1,1,1,1,1,1,1,1,1,1,1,1,1,1,1,1,1,1,1,1,1,1,1,1,1,1,1,1,1,1,1,1,1,1,1,1,1,1,1,1,1,1,1,1,1,0,0,0,0,0,0,0,0,0,0,0,0,0,0,0,0,0,0,0,0,0,0,0,0,GD,DP,GD,DM,DY,DY,GD,DM,DP,GD,DP,DP,DY,DY,DM,DM,DV,DV,DV,DJ,DJ,DV,DJ,DJ,,,,,,,,,,,,,,,,,,,,,,,,
224,2,2,1,0,0,1,1,1,1,0,1,1,1,0,1,0,1,1,1,1,0,1,1,0,1,0,1,0,1,0,1,1,1,1,0,0,1,1,1,0,1,0,1,1,0,1,1,0,0,1,1,0,0,1,1,1,0,1,1,1,1,0,1,1,0,0,0,0,0,0,0,0,0,0,1,3,5,0,0,0,1,0,0,0,0,4,0,0,6,3,11,4,6,9,14,4,4,7,0,DM,DM,GD,GD,GD,DY,GD,DY,DY,DP,DP,DM,DP,DY,DP,DM,DJ,DJ,DV,DV,DV,DJ,DJ,DV,,,,,,,,,,,,,,,,,,,,,,,,
225,1,1,2,0,0,0,1,0,0,0,0,0,0,1,0,0,0,0,1,0,0,1,0,0,1,0,0,0,1,0,0,0,1,1,0,1,0,0,0,0,1,0,0,0,1,0,0,0,0,0,0,1,0,1,0,0,0,0,1,0,0,0,0,0,0,0,0,0,0,0,0,0,0,0,0,0,1,0,1,4,4,3,0,4,1,2,3,1,3,1,2,7,4,4,8,2,9,6,7,DM,DM,GD,GD,DP,GD,DP,DY,DY,DY,DM,DP,DY,DP,DM,GD,DV,DJ,DJ,DV,DJ,DV,DJ,DV,,,,,,,,,,,,,,,,,,,,,,,,
226,2,1,1,0,0,0,0,0,0,0,0,0,0,1,0,1,1,1,0,0,0,0,1,0,0,0,0,1,1,0,1,0,0,0,0,1,0,0,1,1,0,1,1,1,1,1,1,1,1,1,0,1,1,1,1,1,1,1,0,1,1,1,0,0,1,1,1,0,0,0,0,0,0,0,0,0,0,0,0,0,0,0,1,0,0,0,2,1,0,0,0,5,8,3,10,1,7,5,7,GD,GD,DP,DM,DP,DM,DM,DP,DY,DY,DY,DP,GD,DM,GD,DY,DJ,DV,DV,DJ,DV,DJ,DJ,DV,,,,,,,,,,,,,,,,,,,,,,,,
227,1,2,1,0,1,0,1,1,0,0,0,1,0,0,1,1,1,0,1,1,1,1,0,1,1,1,1,1,1,1,1,1,1,1,1,1,1,1,1,1,1,1,1,1,1,1,1,1,1,1,1,0,0,1,1,0,1,1,1,0,1,0,1,1,1,0,1,0,0,0,0,0,0,1,0,1,1,0,0,2,0,0,0,1,0,1,0,0,0,1,0,2,1,2,2,2,2,0,2,DY,DM,GD,DP,DY,DP,DY,GD,DY,DP,DM,GD,DM,GD,DM,DP,DJ,DV,DJ,DV,DV,DJ,DV,DJ,,,,,,,,,,,,,,,,,,,,,,,,
228,2,2,3,0,1,1,1,0,0,1,1,0,0,1,1,1,1,1,0,1,1,1,1,1,1,1,0,1,0,1,1,1,1,1,1,1,1,1,1,1,1,1,1,1,1,1,1,1,1,1,1,1,1,0,1,1,1,1,0,1,1,0,0,1,0,1,1,0,0,1,0,0,1,1,1,0,0,3,0,0,0,0,2,0,0,3,2,0,2,0,0,1,4,0,2,1,0,0,0,GD,DP,DY,DY,GD,DP,DY,DM,DP,GD,DM,DY,GD,DM,DP,DM,DJ,DV,DV,DJ,DJ,DV,DV,DJ,,,,,,,,,,,,,,,,,,,,,,,,
229,1,1,2,0,1,1,1,1,1,1,1,1,1,1,1,1,1,1,1,1,1,1,1,1,1,1,1,1,1,1,1,1,1,1,1,1,1,1,1,1,1,1,1,1,1,1,1,1,1,1,1,1,1,1,1,1,1,1,1,1,1,1,1,1,1,1,1,1,1,1,1,1,1,1,1,0,0,0,0,0,0,0,0,0,0,0,0,0,0,0,0,0,0,0,0,0,0,0,0,DP,DY,DP,DM,DM,DY,DP,DY,DM,DP,GD,DY,GD,DM,GD,GD,DJ,DJ,DV,DV,DJ,DJ,DV,DV,,,,,,,,,,,,,,,,,,,,,,,,
230,2,1,3,0,0,0,0,0,1,0,0,0,0,0,0,0,0,1,1,0,1,0,0,0,0,0,1,0,0,0,1,1,0,0,0,1,1,0,0,0,0,0,1,0,0,1,0,1,1,0,0,1,0,1,0,1,0,0,1,1,0,0,1,0,0,0,1,0,0,0,0,0,0,0,0,0,1,0,1,0,1,2,0,0,1,2,0,2,1,2,0,5,4,1,2,5,1,4,3,DP,GD,DY,GD,DY,DM,DY,DM,DM,DP,DP,DY,DP,GD,GD,DM,DV,DJ,DV,DV,DV,DJ,DJ,DJ,,,,,,,,,,,,,,,,,,,,,,,,
231,1,2,1,1,1,1,1,1,1,1,1,1,1,1,1,1,1,1,1,1,1,1,1,1,1,1,0,1,1,1,1,1,1,1,1,1,1,0,1,1,1,1,1,1,1,1,1,1,1,1,1,1,1,1,1,1,1,1,1,1,1,1,1,1,1,1,1,1,1,1,1,1,1,1,1,0,0,0,0,0,0,0,0,0,0,0,0,0,0,0,0,0,0,0,0,0,0,0,0,DP,DP,GD,DM,DM,DY,DM,GD,DP,DY,DP,GD,DY,DY,GD,DM,DJ,DV,DV,DV,DJ,DV,DJ,DJ,,,,,,,,,,,,,,,,,,,,,,,,
232,2,2,3,0,1,0,0,0,0,0,0,0,1,1,1,1,1,1,1,1,1,1,1,1,1,0,1,1,1,1,1,1,1,1,1,1,1,1,1,1,1,1,1,1,1,1,1,1,1,0,1,1,1,1,1,1,1,1,1,1,1,1,1,1,1,1,0,1,1,1,1,1,1,1,1,0,0,0,0,0,0,0,0,0,0,0,0,0,0,0,5,0,0,0,0,0,0,0,0,DM,DM,DY,DP,GD,DP,DY,DP,DM,GD,DY,DP,GD,GD,DM,DY,DJ,DV,DJ,DV,DV,DV,DJ,DJ,,,,,,,,,,,,,,,,,,,,,,,,
233,1,1,1,0,1,1,1,1,1,1,1,1,1,1,1,1,1,1,1,1,1,1,1,1,1,1,1,1,1,1,1,1,1,1,1,1,1,1,1,1,1,1,1,1,1,1,1,1,1,1,1,1,1,1,1,1,1,1,1,1,1,1,1,1,1,1,1,1,1,1,1,1,1,1,1,0,0,0,0,0,0,0,0,0,0,0,0,0,0,0,0,0,0,0,0,0,0,0,0,DP,DP,GD,DP,DY,DM,GD,DY,DM,DY,DM,GD,GD,DP,DY,DM,DJ,DJ,DV,DV,DJ,DV,DJ,DV,,,,,,,,,,,,,,,,,,,,,,,,
234,2,1,2,0,0,0,0,0,1,1,0,1,1,0,1,1,1,1,0,0,0,1,0,1,1,0,0,0,1,1,1,0,1,1,1,1,1,1,1,0,1,1,1,1,1,0,1,1,1,1,1,0,0,0,0,1,1,0,1,1,1,1,1,0,0,0,1,0,0,0,0,0,0,0,0,1,2,2,3,0,0,2,0,0,0,0,0,3,2,1,0,3,5,5,6,5,7,4,3,GD,GD,DM,GD,DY,DY,DY,GD,DM,DP,DM,DM,DP,DP,DP,DY,DV,DJ,DV,DJ,DJ,DV,DV,DJ,,,,,,,,,,,,,,,,,,,,,,,,
235,1,2,1,1,0,0,1,1,1,1,1,1,1,1,1,0,1,1,1,1,1,1,1,1,1,1,1,1,1,1,1,1,1,1,1,1,1,1,1,1,1,1,1,1,1,1,1,1,1,1,1,1,1,1,1,1,1,1,1,1,1,1,1,1,1,0,1,1,1,1,1,1,1,1,1,0,0,0,0,0,0,0,0,0,0,0,0,0,0,1,0,0,0,0,0,0,0,0,0,DY,GD,DY,DP,GD,DM,DP,DY,DM,DM,DP,GD,DP,DY,DM,GD,DV,DV,DV,DJ,DJ,DJ,DJ,DV,,,,,,,,,,,,,,,,,,,,,,,,
236,2,2,3,0,0,0,0,1,1,0,0,0,0,0,1,0,1,1,0,0,1,1,1,1,1,1,1,1,1,1,1,1,1,1,1,1,1,1,1,1,1,1,1,1,1,1,1,1,1,1,1,1,1,1,0,1,1,0,1,0,0,1,0,1,1,0,1,0,0,0,0,0,0,0,0,0,0,0,2,0,0,2,0,3,2,0,4,0,0,2,0,4,4,4,4,4,4,4,4,DP,DY,GD,DM,DM,GD,DM,GD,DM,DY,GD,DY,DP,DP,DY,DP,DV,DJ,DJ,DV,DJ,DV,DJ,DV,,,,,,,,,,,,,,,,,,,,,,,,
237,1,1,3,1,0,1,1,1,1,1,1,1,1,1,1,1,1,1,1,1,1,1,1,1,1,1,0,1,1,1,1,1,1,1,1,1,1,1,1,1,1,1,1,1,1,1,1,1,1,1,1,1,1,1,1,1,1,1,1,1,1,1,1,1,1,1,1,1,1,1,1,1,1,1,1,0,0,0,0,0,0,0,0,0,0,0,0,0,0,0,0,0,0,0,0,0,0,0,0,DY,GD,DM,DP,DP,GD,DM,DP,DY,DM,DY,GD,DY,DM,DP,GD,DV,DJ,DV,DV,DJ,DJ,DJ,DV,,,,,,,,,,,,,,,,,,,,,,,,
238,2,1,3,0,0,0,1,0,0,1,0,0,0,0,1,0,0,0,1,0,1,0,0,0,1,0,0,0,0,0,1,0,0,1,0,0,1,0,0,1,0,1,1,0,0,1,0,0,1,0,1,0,1,1,0,0,0,1,1,1,1,0,1,1,1,0,0,0,0,0,0,0,0,0,0,1,0,0,7,3,1,0,0,0,0,1,0,0,0,6,1,5,4,3,4,7,7,7,1,GD,DY,DM,DP,GD,DP,DP,DP,DY,GD,DM,GD,DY,DM,DM,DY,DV,DV,DV,DJ,DJ,DJ,DJ,DV,,,,,,,,,,,,,,,,,,,,,,,,
239,1,2,3,0,1,0,1,0,1,0,1,0,0,1,1,0,1,1,1,1,1,1,1,1,1,0,0,0,0,0,1,1,1,1,1,1,1,1,1,0,0,1,1,1,1,1,1,1,1,1,1,0,1,1,1,0,0,0,1,1,1,1,1,1,1,1,1,0,1,1,1,1,1,1,1,3,0,0,0,1,4,1,0,0,0,0,0,0,0,0,0,1,0,0,0,0,0,0,0,DY,GD,DP,GD,DM,DY,DP,GD,GD,DM,DM,DY,DY,DM,DP,DP,DV,DV,DJ,DJ,DJ,DV,DJ,DV,,,,,,,,,,,,,,,,,,,,,,,,
240,2,2,2,0,1,1,1,0,0,0,1,1,1,0,1,1,0,1,1,1,1,1,1,1,1,1,1,1,1,1,1,1,1,1,1,0,1,1,1,1,1,1,1,1,1,1,1,1,1,1,1,1,0,0,0,1,1,1,0,1,1,0,0,1,0,1,1,1,0,1,0,0,0,0,0,0,4,1,6,0,0,0,5,0,0,5,1,0,3,0,0,0,1,0,6,3,2,2,9,DP,DY,DM,DM,DM,DP,GD,DY,DP,GD,DY,DM,GD,DY,DP,GD,DJ,DV,DV,DV,DJ,DJ,DV,DJ,,,,,,,,,,,,,,,,,,,,,,,,
241,1,1,1,0,0,1,1,1,1,1,1,1,1,1,1,1,1,1,1,1,1,1,1,1,1,1,1,1,1,1,1,1,1,1,1,1,1,1,1,1,1,1,1,1,1,1,1,1,1,1,1,1,1,1,1,1,1,0,1,1,1,1,1,1,1,1,1,1,1,1,1,1,1,1,1,0,0,0,0,0,0,1,0,0,0,0,0,0,0,0,0,0,0,0,0,0,0,0,0,DP,DP,DM,DM,DY,GD,GD,DP,DM,DY,DY,GD,GD,DM,DP,DY,DV,DJ,DV,DJ,DV,DJ,DV,DJ,,,,,,,,,,,,,,,,,,,,,,,,
242,2,1,1,0,0,1,1,1,1,1,1,1,1,1,1,0,1,1,1,1,1,1,1,1,1,1,1,1,1,1,1,0,1,1,1,1,1,1,1,1,1,1,1,1,1,1,1,1,1,1,1,1,1,1,1,1,1,1,1,1,1,1,1,1,1,1,1,1,1,1,1,1,1,1,1,0,0,0,0,0,0,0,0,0,0,0,0,0,0,0,0,0,0,0,0,0,0,0,0,DM,DM,DM,DP,DY,DP,DP,DM,GD,GD,DP,GD,GD,DY,DY,DY,DV,DV,DJ,DV,DJ,DJ,DV,DJ,,,,,,,,,,,,,,,,,,,,,,,,
243,1,2,2,0,1,1,1,1,1,1,1,1,1,1,1,1,1,1,1,1,1,1,1,1,1,1,1,1,1,1,1,1,1,1,0,1,1,1,1,1,1,1,1,1,1,1,1,1,1,1,1,1,1,1,1,1,1,1,1,1,1,1,1,1,1,1,1,1,1,1,1,1,1,1,1,0,0,0,0,0,0,0,0,0,0,0,0,0,0,0,0,0,0,0,0,0,0,0,0,DM,DY,DP,DP,GD,DM,DP,DP,GD,GD,DY,DY,GD,DM,DM,DY,DJ,DJ,DV,DJ,DV,DV,DJ,DV,,,,,,,,,,,,,,,,,,,,,,,,
244,2,2,1,0,0,1,0,1,0,0,1,0,0,0,1,1,0,0,0,0,0,1,1,0,1,1,1,1,0,1,1,1,1,1,0,1,1,1,1,1,1,1,1,1,1,1,1,1,1,1,0,1,1,0,1,1,1,1,1,1,1,1,1,0,0,0,0,0,0,0,0,0,1,0,0,0,0,3,0,0,0,0,0,0,0,0,0,7,11,7,3,14,2,2,14,2,0,6,2,GD,DM,DM,DP,DY,DP,DP,GD,DY,DP,GD,GD,DY,DM,DY,DM,DV,DJ,DJ,DV,DJ,DV,DV,DJ,,,,,,,,,,,,,,,,,,,,,,,,
245,1,1,2,1,0,0,0,1,1,1,1,1,1,1,1,1,1,1,1,1,0,1,1,1,1,1,1,1,1,1,1,1,1,1,1,1,1,1,1,1,1,1,1,1,1,1,1,1,1,1,1,1,1,1,1,1,1,1,1,1,1,1,1,1,1,1,1,1,1,1,1,1,1,1,1,0,0,0,0,0,0,0,0,0,0,0,0,0,0,0,0,0,0,0,0,0,0,0,0,DP,DP,DY,GD,DY,DP,GD,DM,GD,DM,DY,DM,GD,DP,DM,DY,DV,DV,DJ,DV,DJ,DJ,DV,DJ,,,,,,,,,,,,,,,,,,,,,,,,
246,2,1,3,0,0,0,0,0,0,0,0,1,0,0,0,0,1,0,0,0,0,0,0,0,1,0,0,1,0,1,0,0,1,1,1,1,1,0,0,1,1,1,1,1,1,1,1,1,0,1,1,0,1,0,1,0,0,1,0,0,1,1,1,1,0,0,1,0,0,0,0,0,0,0,0,1,0,1,0,1,1,0,1,1,0,0,0,0,4,1,0,6,5,12,1,1,2,7,4,DP,DY,DP,DY,GD,GD,DM,GD,DP,DM,DM,DM,DY,GD,DY,DP,DJ,DJ,DV,DV,DJ,DV,DJ,DV,,,,,,,,,,,,,,,,,,,,,,,,
247,1,2,2,0,1,1,1,1,1,1,1,1,1,1,1,1,1,1,1,1,1,1,1,1,1,1,1,1,1,1,1,1,1,1,1,1,1,1,1,1,1,1,1,1,1,1,1,1,1,1,1,1,1,1,1,1,1,1,1,1,1,1,1,1,1,1,1,1,1,1,1,1,1,1,1,0,0,0,0,0,0,0,0,0,0,0,0,0,0,0,0,0,0,0,0,0,0,0,0,GD,DP,DP,GD,DM,DP,GD,DM,DY,DY,GD,DM,DM,DY,DP,DY,DJ,DV,DV,DV,DJ,DJ,DJ,DV,,,,,,,,,,,,,,,,,,,,,,,,
248,2,2,1,1,1,0,0,0,1,0,1,0,1,1,0,0,1,1,1,1,0,1,1,1,1,0,1,1,1,1,0,1,1,1,1,1,1,1,1,1,1,1,1,1,1,1,1,1,1,1,1,0,1,1,0,1,1,0,1,1,1,1,1,0,1,1,0,1,1,0,0,0,1,0,0,1,0,0,3,0,0,2,0,0,0,0,0,1,0,0,2,0,0,2,1,1,0,2,2,DM,DP,GD,DM,DP,DY,DY,GD,DY,GD,DP,DP,DY,GD,DM,DM,DJ,DJ,DV,DJ,DV,DV,DJ,DV,,,,,,,,,,,,,,,,,,,,,,,,
249,1,1,2,0,1,1,1,1,1,1,1,1,1,1,1,1,1,1,1,1,1,1,1,1,0,1,1,1,1,0,1,1,1,1,1,1,1,1,1,1,1,1,1,1,1,1,1,1,1,1,1,1,0,1,1,1,1,1,1,1,1,1,1,1,1,1,1,1,1,1,1,1,1,1,1,0,1,0,0,0,0,0,0,0,0,0,0,0,0,0,0,0,0,0,0,0,0,0,0,DP,GD,DP,DP,DM,DM,DM,DY,DP,GD,DY,GD,DM,DY,GD,DY,DJ,DV,DJ,DV,DJ,DV,DJ,DV,,,,,,,,,,,,,,,,,,,,,,,,
250,2,1,2,0,0,1,1,0,0,0,0,1,1,1,0,0,1,1,1,0,0,1,0,0,1,0,1,1,1,1,0,1,0,1,1,0,0,0,1,1,1,1,1,0,1,0,1,1,1,1,1,1,0,1,1,1,0,1,0,1,0,1,1,1,0,1,1,0,0,0,0,0,0,0,0,0,5,0,0,0,1,0,1,0,1,0,0,0,4,0,0,1,4,2,9,8,3,6,6,DP,DP,DM,DY,DY,DY,GD,DM,GD,DM,DM,GD,DY,DP,GD,DP,DV,DV,DV,DJ,DJ,DV,DJ,DJ,,,,,,,,,,,,,,,,,,,,,,,,
251,1,2,3,0,0,0,0,0,0,0,0,1,0,0,0,0,0,1,0,1,0,0,0,0,0,0,0,0,0,0,0,1,0,1,0,0,0,0,0,1,1,1,1,0,0,0,1,1,0,1,1,0,0,0,0,0,1,0,0,0,0,1,0,0,1,0,0,0,0,0,0,1,0,0,0,2,3,1,1,1,0,1,1,1,1,0,1,1,0,1,1,1,1,1,1,0,1,2,2,GD,DY,GD,DM,DP,GD,DM,DM,DY,DY,DP,DP,DY,DP,DM,GD,DJ,DJ,DJ,DV,DV,DJ,DV,DV,,,,,,,,,,,,,,,,,,,,,,,,
252,2,2,,1,1,0,1,1,1,1,1,1,1,1,1,1,1,1,1,1,1,1,1,1,1,1,1,1,1,1,1,1,1,1,1,1,1,1,1,1,1,1,1,1,1,1,1,1,1,1,1,1,1,1,1,1,1,1,1,1,1,0,0,1,1,1,1,1,0,1,1,1,1,1,1,0,0,0,0,0,0,0,0,0,0,4,1,0,0,0,0,0,1,0,0,0,0,0,0,DP,DM,DP,DP,DP,GD,DY,GD,GD,GD,DM,DY,DY,DM,DY,DM,DJ,DJ,DV,DJ,DV,DV,DV,DJ,,,,,,,,,,,,,,,,,,,,,,,,
253,1,1,2,0,0,0,1,1,1,1,1,1,1,1,1,1,1,1,1,1,1,0,1,1,1,1,1,1,1,1,1,1,1,1,1,1,1,1,1,1,1,1,1,1,1,1,1,1,1,1,1,0,1,1,1,1,1,1,1,1,1,1,1,1,1,1,1,1,1,1,1,1,1,1,1,1,0,0,0,0,0,0,0,0,0,0,0,0,0,0,0,0,0,0,0,0,0,0,0,DP,DM,DY,GD,GD,DM,DP,DY,GD,DY,DM,DY,DP,DP,DM,GD,DV,DJ,DV,DV,DJ,DV,DJ,DJ,,,,,,,,,,,,,,,,,,,,,,,,
254,2,1,1,0,0,0,0,0,1,0,1,1,1,1,0,0,0,1,0,1,0,0,0,1,1,1,0,1,1,0,1,1,1,0,1,1,0,1,0,1,1,1,1,1,1,1,1,1,1,0,1,1,1,1,1,0,0,1,1,1,0,1,1,1,0,1,1,0,0,0,0,0,0,0,0,0,0,0,0,1,1,0,0,0,1,0,0,0,3,0,0,6,4,4,2,1,3,1,3,DY,DP,DM,DM,DP,DP,DP,DM,DY,GD,GD,DM,DY,GD,DY,GD,DJ,DV,DJ,DV,DJ,DV,DJ,DV,,,,,,,,,,,,,,,,,,,,,,,,
255,1,2,2,0,0,1,1,1,1,1,1,1,1,1,1,1,1,1,1,1,1,1,1,1,1,1,1,1,1,1,0,1,1,1,1,1,1,1,1,1,1,1,1,1,1,1,0,1,1,1,1,1,0,0,0,0,0,1,1,1,1,1,1,1,1,1,1,1,1,1,1,1,1,1,1,0,1,8,12,11,9,0,0,0,0,0,0,0,0,0,0,0,0,0,0,0,0,0,0,DY,DY,DY,GD,DP,DM,GD,DM,GD,DM,DP,DY,DP,DP,GD,DM,DJ,DJ,DV,DV,DJ,DV,DJ,DV,,,,,,,,,,,,,,,,,,,,,,,,
256,2,2,1,0,1,1,0,1,0,0,1,1,1,1,1,1,1,1,1,1,1,1,1,1,1,1,1,1,1,1,1,1,1,1,1,1,1,1,1,1,1,1,1,1,1,1,1,1,1,1,1,0,1,1,0,1,1,1,1,1,1,0,0,1,1,1,0,0,0,0,0,0,1,0,0,1,0,0,2,0,0,0,0,0,0,1,4,0,0,0,1,3,3,2,3,3,0,5,1,DM,DY,DP,DM,DM,GD,DP,DP,GD,GD,DY,DY,DP,DY,GD,DM,DJ,DJ,DV,DJ,DJ,DV,DV,DV,,,,,,,,,,,,,,,,,,,,,,,,
257,1,1,2,0,1,1,1,0,1,1,1,1,1,1,1,1,1,1,1,0,1,1,0,1,1,1,1,1,1,1,1,1,1,1,1,1,1,1,1,1,1,1,1,1,1,1,1,1,1,1,1,1,1,1,1,1,1,1,1,1,1,1,1,1,1,1,1,1,1,1,1,1,1,1,1,0,0,0,0,0,0,0,0,0,0,0,0,0,0,0,0,0,0,0,0,0,0,0,0,DP,GD,DY,DY,DP,DM,DM,GD,DP,DY,GD,DM,GD,DY,DM,DP,DJ,DJ,DJ,DV,DV,DJ,DV,DV,,,,,,,,,,,,,,,,,,,,,,,,
258,2,1,3,0,0,0,0,0,0,0,1,0,0,0,1,1,1,1,1,1,1,1,0,1,1,0,0,0,1,1,1,1,1,1,0,0,1,1,1,1,1,1,1,1,1,1,1,1,0,1,1,1,1,1,1,1,0,0,0,0,0,1,1,1,0,1,1,0,0,0,0,0,0,0,0,0,0,0,0,0,2,2,2,2,1,0,0,0,1,0,0,6,1,4,1,5,4,6,1,DM,GD,DY,DY,DY,DM,GD,DP,GD,DP,DP,DM,GD,DY,DM,DP,DJ,DV,DV,DJ,DJ,DV,DJ,DV,,,,,,,,,,,,,,,,,,,,,,,,
259,1,2,1,0,0,0,0,0,1,0,1,0,1,1,1,1,1,1,1,1,0,0,1,0,1,1,1,0,1,1,1,1,1,1,1,1,1,1,1,1,1,1,1,1,1,1,1,1,1,1,1,1,1,1,1,1,1,1,1,1,1,1,1,1,1,1,1,1,1,1,1,1,1,1,1,0,0,0,0,0,0,0,0,0,0,0,0,0,0,0,0,0,0,0,0,0,0,0,0,DP,GD,DP,GD,DM,DY,GD,DM,DY,DP,GD,DM,DP,DY,DY,DM,DJ,DJ,DJ,DV,DJ,DV,DV,DV,,,,,,,,,,,,,,,,,,,,,,,,
260,2,2,2,0,0,0,0,1,1,1,1,1,0,1,1,1,1,1,1,1,1,1,1,0,1,1,1,1,1,0,1,1,1,1,1,1,0,1,1,1,1,1,1,1,1,1,1,1,1,1,1,0,1,1,1,1,0,1,1,0,0,0,1,0,1,1,1,0,0,0,0,0,0,0,0,1,0,0,0,0,1,0,0,1,7,3,0,2,0,0,0,2,2,5,6,4,3,1,4,DM,GD,DM,DP,DP,DM,GD,GD,DY,DM,DY,DP,DY,DY,GD,DP,DJ,DJ,DV,DV,DV,DV,DJ,DJ,,,,,,,,,,,,,,,,,,,,,,,,
261,1,1,1,0,1,1,1,1,1,1,1,1,1,1,1,1,1,1,1,1,1,1,1,1,1,1,1,1,1,1,1,1,1,1,1,1,1,1,1,1,1,1,1,1,1,1,1,1,1,1,1,1,1,1,1,1,1,1,1,1,1,1,1,1,1,1,1,1,1,1,1,1,1,1,1,0,0,0,0,0,0,0,0,0,0,0,0,0,0,0,0,0,0,0,0,0,0,0,0,DY,GD,GD,DP,GD,DP,DY,DP,DY,GD,DP,DM,DM,DM,DY,DM,DV,DJ,DV,DV,DJ,DV,DJ,DJ,,,,,,,,,,,,,,,,,,,,,,,,
262,2,1,2,0,0,0,0,0,0,1,1,1,1,1,1,1,1,1,1,1,1,1,1,1,1,1,1,1,1,1,1,1,1,1,1,1,1,1,1,1,1,1,1,1,1,1,1,1,1,1,1,1,1,1,1,1,1,1,1,1,1,1,1,1,1,1,1,1,1,1,1,1,1,1,1,0,0,0,0,0,0,0,0,0,0,0,0,0,0,0,0,0,0,0,0,0,0,0,0,GD,DM,DY,GD,DP,DM,DM,DP,DP,DP,GD,GD,DM,DY,DY,DY,DV,DJ,DJ,DV,DJ,DV,DJ,DV,,,,,,,,,,,,,,,,,,,,,,,,
263,1,2,2,0,0,0,1,0,1,1,1,1,0,1,1,0,1,1,1,1,1,1,1,1,1,1,1,1,1,1,1,1,1,1,1,1,1,1,1,1,1,1,1,1,1,1,1,1,1,1,1,1,1,1,0,1,1,1,1,1,1,1,1,1,1,1,1,0,1,0,1,1,1,1,1,0,0,0,1,0,0,0,0,0,0,0,0,0,0,0,0,1,0,2,0,0,0,0,0,DP,DM,GD,DM,DY,DY,DP,GD,DM,DP,DP,DY,GD,DM,GD,DY,DV,DJ,DV,DJ,DJ,DV,DV,DJ,,,,,,,,,,,,,,,,,,,,,,,,
264,2,2,3,0,0,1,1,1,1,1,1,1,1,1,1,1,1,1,1,1,1,1,1,1,1,1,1,1,1,1,1,1,1,1,1,1,1,1,1,1,1,1,1,1,1,1,1,1,1,1,1,1,1,1,1,1,1,1,1,1,1,1,1,1,1,1,1,1,1,0,0,1,0,0,1,0,0,0,0,0,0,0,0,0,0,0,0,0,0,0,0,0,0,1,1,0,1,1,0,DP,DM,DM,DP,DM,DY,GD,DY,DP,DP,DY,GD,GD,DY,DM,GD,DJ,DJ,DV,DV,DJ,DV,DV,DJ,,,,,,,,,,,,,,,,,,,,,,,,
265,1,1,2,0,1,1,1,1,1,1,1,1,1,1,1,1,1,1,1,1,1,1,1,1,1,1,1,1,1,1,1,1,1,1,1,1,1,1,1,1,1,1,1,1,1,1,1,1,1,1,1,1,1,1,1,1,1,1,1,1,1,1,1,1,1,1,1,1,1,1,1,1,1,1,1,0,0,0,0,0,0,0,0,0,0,0,0,0,0,0,0,0,0,0,0,0,0,0,0,DM,GD,GD,DP,DM,GD,DM,DY,DY,DP,GD,DM,DP,DY,DY,DP,DV,DV,DV,DV,DJ,DJ,DJ,DJ,,,,,,,,,,,,,,,,,,,,,,,,
266,2,1,3,0,0,0,0,0,0,0,1,0,1,0,0,0,0,0,0,0,0,0,0,0,0,0,0,1,0,0,0,1,0,0,1,0,0,0,0,0,0,1,0,1,0,0,0,0,0,0,0,0,1,0,0,0,1,0,0,1,0,0,0,1,0,1,1,0,0,0,0,0,0,0,0,3,0,1,3,4,0,1,1,0,9,6,5,0,2,0,0,1,8,3,6,5,1,6,1,DP,GD,GD,DP,DP,DP,GD,DM,DM,DY,DM,DY,DY,DY,DM,GD,DV,DJ,DV,DJ,DV,DV,DJ,DJ,,,,,,,,,,,,,,,,,,,,,,,,
267,1,2,2,0,0,0,1,1,1,1,1,1,1,1,1,1,1,1,1,1,1,1,1,0,1,1,1,1,1,1,1,1,0,1,1,1,1,1,1,0,1,1,0,1,1,1,1,1,1,1,1,1,1,1,1,1,1,1,1,1,1,1,1,1,1,1,1,1,1,1,1,1,1,1,1,0,0,0,0,0,0,0,0,0,0,0,0,0,0,0,0,0,0,0,0,0,0,0,0,DY,GD,DM,DY,GD,DM,DP,DP,DP,DY,DP,DM,DM,GD,DY,GD,DV,DV,DJ,DJ,DJ,DV,DJ,DV,,,,,,,,,,,,,,,,,,,,,,,,
268,2,2,2,1,1,0,1,1,1,1,1,1,1,1,1,1,1,1,1,1,1,1,1,1,1,1,1,1,1,1,1,1,1,1,1,1,1,1,1,1,1,1,1,1,1,1,1,1,1,1,1,1,1,0,1,1,1,1,0,1,1,1,1,0,0,1,1,0,1,1,1,1,0,0,0,0,0,3,0,0,0,0,5,0,0,0,0,2,1,0,0,8,0,0,0,0,8,10,5,GD,DM,DY,DM,GD,GD,DP,DY,DP,DP,DY,GD,DY,DM,DP,DM,DJ,DJ,DV,DV,DV,DV,DJ,DJ,,,,,,,,,,,,,,,,,,,,,,,,
269,1,1,2,0,1,1,1,1,1,1,1,1,1,1,1,1,1,1,1,1,1,1,1,1,1,1,1,1,1,1,1,1,1,1,1,1,1,1,1,1,1,1,1,1,1,1,1,1,1,1,1,1,1,1,1,1,1,1,1,1,1,1,1,1,1,1,1,1,1,1,1,1,1,1,1,0,0,0,0,0,0,0,0,0,0,0,0,0,0,0,0,0,0,0,0,0,0,0,0,DY,DM,DY,GD,GD,DP,DY,DM,DM,DP,GD,GD,DM,DP,DP,DY,DJ,DV,DV,DJ,DV,DJ,DV,DJ,,,,,,,,,,,,,,,,,,,,,,,,
270,2,1,1,0,0,0,0,0,0,0,0,1,1,1,1,0,0,0,0,0,1,0,1,1,0,1,0,1,1,1,1,1,1,1,0,1,1,1,1,1,1,1,1,1,1,1,1,1,1,0,1,1,0,1,0,0,1,1,1,1,1,0,1,1,1,1,1,0,0,0,0,0,0,0,0,0,1,0,9,3,0,0,0,0,0,1,0,0,0,0,0,13,8,4,7,7,5,5,1,DM,GD,DY,DP,GD,DM,DM,GD,DY,DP,DP,DY,DM,GD,DP,DY,DV,DJ,DV,DJ,DJ,DV,DJ,DV,,,,,,,,,,,,,,,,,,,,,,,,
271,1,2,3,0,1,0,1,1,1,1,0,1,1,1,1,1,1,0,1,1,1,1,0,1,0,1,0,1,1,1,1,1,1,0,0,1,1,1,1,1,1,1,1,0,1,0,1,1,1,0,1,0,1,0,1,1,1,1,0,0,1,1,1,1,0,1,0,1,0,0,0,0,0,0,0,1,0,1,0,0,0,0,1,1,0,0,0,0,1,0,1,0,2,2,2,1,5,3,4,DM,GD,DY,DY,DM,GD,GD,DP,DY,DP,DM,DP,DM,DP,GD,DY,DJ,DV,DV,DJ,DJ,DV,DJ,DV,,,,,,,,,,,,,,,,,,,,,,,,
272,2,2,3,0,0,1,1,1,1,1,0,1,0,0,0,1,0,1,1,1,1,1,1,0,1,1,1,1,0,1,0,1,1,0,1,1,1,1,1,0,0,1,1,0,1,1,1,1,1,1,1,0,1,1,1,1,0,0,0,1,1,1,0,0,0,0,1,1,0,0,0,1,0,1,0,3,0,0,0,0,6,6,2,0,0,0,5,1,6,5,0,0,3,2,7,0,7,0,3,DM,DP,DP,GD,DP,DY,DM,DY,GD,GD,GD,DP,DY,DY,DM,DM,DV,DV,DJ,DJ,DV,DJ,DV,DJ,,,,,,,,,,,,,,,,,,,,,,,,
273,1,1,3,1,0,0,0,0,1,0,1,0,0,0,0,1,1,0,0,0,0,0,0,1,0,0,1,0,0,0,1,0,0,0,1,1,1,1,1,1,1,1,1,1,1,1,1,1,1,1,0,1,1,1,1,0,1,0,1,1,1,1,1,1,1,1,1,1,1,1,1,1,1,0,1,0,0,0,0,1,0,1,0,0,0,0,0,0,0,0,0,0,0,0,0,0,0,1,0,GD,DM,DP,GD,DM,DP,DP,DY,GD,DY,DY,DM,DP,GD,DM,DY,DV,DV,DJ,DV,DJ,DV,DJ,DJ,,,,,,,,,,,,,,,,,,,,,,,,
274,2,1,1,0,1,0,0,1,1,1,1,1,1,1,0,1,1,1,1,1,1,1,1,1,1,1,1,1,1,0,1,1,1,1,1,1,1,1,1,1,1,1,1,1,1,1,1,1,1,1,1,1,1,1,1,1,1,1,1,1,1,1,1,1,1,1,1,1,1,1,1,1,1,1,1,0,0,0,0,0,0,0,0,0,0,0,0,0,0,0,0,0,0,0,0,0,0,0,0,DM,DM,DY,GD,DM,DP,GD,DY,GD,GD,DP,DY,DP,DY,DP,DM,DJ,DV,DV,DV,DV,DJ,DJ,DJ,,,,,,,,,,,,,,,,,,,,,,,,
275,1,2,2,0,1,1,1,1,1,1,1,1,1,1,1,1,1,1,1,1,1,1,1,1,1,1,1,1,1,1,1,1,1,1,1,1,1,1,1,1,1,1,1,1,1,1,1,1,1,1,1,1,1,1,1,1,1,1,1,1,1,1,1,1,1,1,1,1,1,1,1,1,1,1,1,0,0,0,0,0,0,0,0,0,0,0,0,0,0,0,0,0,0,0,0,0,0,0,0,DY,GD,DP,DP,DY,DY,DM,DM,DP,GD,GD,DP,GD,DM,DM,DY,DJ,DJ,DV,DV,DV,DV,DJ,DJ,,,,,,,,,,,,,,,,,,,,,,,,
276,2,2,2,0,1,0,0,0,1,1,1,1,1,0,1,1,1,1,0,1,1,1,1,1,1,1,1,1,1,1,1,1,1,1,1,1,1,1,1,1,1,1,1,1,1,1,1,1,1,1,1,1,0,1,1,0,1,1,0,1,0,0,1,1,0,1,1,0,0,0,0,1,1,0,0,0,10,0,0,10,0,0,7,0,8,1,0,0,1,0,0,2,7,3,3,0,0,2,1,DP,DY,DP,GD,DM,DM,GD,DM,DP,DY,DM,DY,GD,DY,GD,DP,DV,DJ,DJ,DJ,DV,DJ,DV,DV,,,,,,,,,,,,,,,,,,,,,,,,
277,1,1,1,0,0,0,0,0,0,0,1,1,1,1,1,1,1,1,1,1,1,1,1,1,1,1,1,1,1,1,1,1,1,1,1,1,1,1,1,1,1,1,1,1,1,1,1,1,1,1,1,1,1,1,1,1,1,1,1,1,1,1,1,1,1,1,1,1,1,1,1,1,1,1,1,0,0,0,0,0,0,0,0,0,0,0,0,0,0,0,0,0,0,0,0,0,0,0,0,DM,DY,DP,DY,DY,DP,DY,DM,GD,DP,DM,GD,DP,DM,GD,GD,DJ,DJ,DV,DJ,DV,DV,DJ,DV,,,,,,,,,,,,,,,,,,,,,,,,
278,2,1,2,0,0,0,0,1,1,1,1,1,0,1,1,1,1,1,1,1,1,1,0,0,1,1,1,1,1,1,1,1,1,1,1,1,1,1,1,1,1,1,1,1,1,1,1,1,0,1,1,1,1,1,0,1,1,1,1,1,1,1,1,1,1,1,1,1,0,0,1,0,1,0,1,0,0,0,2,0,0,0,0,0,0,0,0,0,0,0,0,0,8,8,0,8,0,8,0,GD,DY,DP,DP,DM,DP,DM,DY,DY,GD,DY,DM,DM,DP,GD,GD,DJ,DJ,DJ,DV,DJ,DV,DV,DV,,,,,,,,,,,,,,,,,,,,,,,,
279,1,2,1,0,1,0,1,1,0,1,0,1,1,0,1,1,1,1,1,1,1,1,0,1,1,1,1,1,1,1,1,1,0,1,1,1,1,1,1,1,1,1,1,1,1,1,1,1,1,1,1,1,1,1,1,1,1,1,1,1,1,1,1,1,1,1,1,1,1,1,1,1,1,1,1,0,0,0,0,0,0,0,0,0,0,0,0,0,0,0,0,0,0,0,0,0,0,0,0,DP,DY,DY,GD,DP,DM,GD,GD,DM,GD,DP,DM,DM,DY,DP,DY,DJ,DV,DV,DV,DJ,DJ,DJ,DV,,,,,,,,,,,,,,,,,,,,,,,,
280,2,2,2,0,1,0,1,0,1,1,1,1,1,1,1,1,1,1,1,1,1,1,1,1,1,1,0,1,1,1,1,1,1,1,1,1,1,1,1,1,1,1,1,1,1,1,1,1,1,1,1,0,1,0,1,1,1,1,0,1,1,1,1,1,1,1,1,0,0,0,0,0,0,0,0,1,0,1,0,0,0,0,4,0,0,0,0,0,0,0,0,1,1,1,2,2,1,2,2,DY,DP,DY,DM,DM,DY,GD,DM,DP,DM,DP,GD,DY,GD,DP,GD,DJ,DJ,DV,DV,DV,DJ,DV,DJ,,,,,,,,,,,,,,,,,,,,,,,,
281,1,1,3,0,1,1,1,1,1,1,1,1,1,1,1,1,1,1,1,1,1,1,1,1,1,0,1,1,1,1,1,1,1,1,1,1,1,1,1,1,1,1,1,1,1,1,1,1,1,1,1,1,1,1,1,1,1,1,1,1,1,1,1,1,1,1,1,1,1,1,1,1,1,1,1,0,0,0,0,0,0,0,0,0,0,0,0,0,0,0,0,0,0,0,0,0,0,0,0,DP,DM,DP,DY,DM,GD,GD,DY,DP,GD,DY,DY,DM,GD,DM,DP,DV,DV,DJ,DV,DJ,DJ,DV,DJ,,,,,,,,,,,,,,,,,,,,,,,,
282,2,1,2,1,0,1,0,0,0,1,0,0,1,0,0,1,1,1,1,1,1,0,1,1,1,1,1,1,1,1,1,1,0,1,1,1,1,1,1,1,1,1,1,1,1,1,1,1,1,0,1,1,1,1,0,1,1,1,0,1,1,1,1,1,1,1,1,0,0,0,0,0,0,0,0,0,0,0,1,0,0,0,1,0,0,0,0,0,0,0,0,3,3,3,5,2,4,1,5,DP,DY,DM,DP,DP,GD,GD,DY,DM,DY,GD,DM,GD,DY,DM,DP,DV,DV,DJ,DJ,DJ,DV,DJ,DV,,,,,,,,,,,,,,,,,,,,,,,,
283,1,2,1,0,0,0,0,1,0,0,1,1,0,0,1,0,1,1,1,1,1,1,1,1,1,1,1,1,1,1,1,1,1,1,1,1,1,1,1,1,1,1,1,1,1,1,1,1,1,1,1,1,1,1,1,1,1,1,1,1,1,1,1,1,1,1,1,1,1,1,1,1,1,1,1,0,0,0,0,0,0,0,0,0,0,0,0,0,0,0,0,0,0,0,0,0,0,0,0,DY,DP,GD,DY,GD,DM,GD,DM,DP,DM,DY,DP,DY,DP,GD,DM,DJ,DJ,DV,DJ,DV,DV,DV,DJ,,,,,,,,,,,,,,,,,,,,,,,,
284,2,2,2,0,1,0,1,1,1,1,1,1,1,1,1,1,1,1,1,1,1,1,1,1,1,1,1,1,1,1,1,1,1,1,1,1,1,1,1,1,1,1,1,1,1,1,1,1,1,1,1,1,1,1,1,1,1,1,1,1,1,1,1,1,1,1,1,1,1,1,0,1,1,1,1,0,0,0,0,0,0,0,0,0,0,0,0,0,0,0,0,0,0,0,1,0,0,0,0,GD,DP,DP,GD,GD,DM,DM,DP,DM,DY,DY,GD,DY,DM,DP,DY,DV,DV,DV,DJ,DJ,DJ,DJ,DV,,,,,,,,,,,,,,,,,,,,,,,,
285,1,1,1,0,1,1,1,1,1,1,1,1,1,1,1,1,1,1,1,1,1,1,1,1,1,1,1,1,1,1,1,1,1,1,1,1,1,1,1,1,1,1,1,1,1,1,1,1,1,1,1,1,1,1,1,1,1,1,1,1,1,1,1,1,1,1,1,1,1,1,1,1,1,1,1,0,0,0,0,0,0,0,0,0,0,0,0,0,0,0,0,0,0,0,0,0,0,0,0,DY,GD,DY,DM,DY,DM,DP,DP,DM,DM,GD,DP,GD,GD,DY,DP,DJ,DJ,DV,DV,DJ,DV,DJ,DV,,,,,,,,,,,,,,,,,,,,,,,,
286,2,1,2,1,0,0,0,1,0,0,1,0,1,0,0,0,1,0,0,0,1,1,0,1,0,0,1,1,1,1,1,1,1,1,1,1,1,1,1,1,0,1,1,1,1,1,1,1,1,1,1,1,1,1,1,1,1,1,1,1,1,1,1,1,1,1,1,1,1,1,0,1,0,0,1,0,0,0,0,0,0,0,0,0,0,0,0,0,0,0,0,0,0,0,1,0,1,1,0,DY,GD,DP,DY,GD,DM,GD,DP,DM,GD,DY,DP,DY,DM,DP,DM,DJ,DJ,DJ,DV,DV,DJ,DV,DV,,,,,,,,,,,,,,,,,,,,,,,,
287,1,2,2,0,0,1,0,0,1,1,1,1,1,1,1,1,1,1,1,1,1,1,1,1,1,1,1,1,1,1,1,1,1,1,1,1,1,1,1,1,1,1,1,1,0,1,1,1,1,1,1,1,1,1,1,1,1,1,1,1,1,1,1,1,1,1,1,1,1,1,1,1,1,1,0,0,0,0,0,0,0,0,0,0,0,0,0,0,0,0,0,0,0,0,0,0,0,0,1,DY,DM,DM,GD,DM,DY,DP,DM,DY,DP,DP,GD,DY,DP,GD,GD,DJ,DJ,DJ,DV,DV,DJ,DV,DV,,,,,,,,,,,,,,,,,,,,,,,,
288,2,2,1,0,0,0,0,0,0,0,1,1,1,0,1,0,0,1,0,0,0,1,1,1,1,1,1,1,1,1,1,0,1,1,1,1,1,1,1,1,1,1,0,1,1,1,1,0,1,1,1,0,1,1,0,0,0,1,1,0,1,0,0,1,1,0,1,0,0,0,0,0,1,0,0,3,0,0,5,5,1,0,0,11,0,2,1,0,0,1,0,14,3,2,14,2,0,2,2,DY,GD,GD,DY,DY,DM,DP,DP,DM,GD,DY,DM,DP,GD,DM,DP,DV,DJ,DV,DV,DV,DJ,DJ,DJ,,,,,,,,,,,,,,,,,,,,,,,,
289,1,1,3,0,1,0,0,1,1,1,1,1,1,1,1,1,1,1,1,1,1,1,1,1,1,1,1,1,1,1,1,1,1,1,1,1,1,1,1,1,1,1,1,1,1,1,1,1,1,1,1,1,1,1,1,1,1,1,1,1,1,1,1,1,1,1,1,1,1,1,1,1,1,1,1,0,0,0,0,0,0,0,0,0,0,0,0,0,0,0,0,0,0,0,0,0,0,0,0,DY,DM,GD,GD,DP,GD,DP,DM,DY,DY,GD,DP,DY,DM,DM,DP,DJ,DJ,DJ,DV,DV,DJ,DV,DV,,,,,,,,,,,,,,,,,,,,,,,,
290,2,1,3,0,0,0,0,0,0,1,0,0,0,1,1,0,0,0,1,0,1,0,0,0,0,0,1,0,0,0,0,1,1,1,0,0,1,0,0,1,0,0,0,1,0,1,0,0,0,0,1,0,0,1,0,1,1,0,0,1,1,0,0,1,0,0,1,0,0,0,0,0,0,0,0,1,2,0,1,0,0,1,2,0,0,1,3,0,1,1,0,3,3,3,5,7,5,7,4,DM,DM,DM,GD,DP,DP,DY,DY,DY,DM,DY,GD,GD,DP,DP,GD,DV,DJ,DJ,DJ,DJ,DV,DV,DV,,,,,,,,,,,,,,,,,,,,,,,,
291,1,2,1,0,0,1,0,1,0,0,0,1,1,0,1,0,1,1,0,0,0,0,0,0,1,0,1,1,1,0,1,0,0,1,0,0,0,0,0,0,1,0,0,0,0,0,1,1,1,0,0,1,1,0,0,0,1,1,0,0,1,0,0,1,1,0,1,0,0,1,0,0,0,0,0,0,0,1,1,1,0,0,3,1,0,2,1,0,0,1,0,1,3,0,1,4,4,1,4,GD,GD,DM,DY,DP,DM,DP,DM,DY,GD,DP,DY,DM,GD,DY,DP,DJ,DV,DV,DV,DJ,DJ,DV,DJ,,,,,,,,,,,,,,,,,,,,,,,,
292,2,2,1,0,1,1,1,0,1,1,0,1,1,1,1,1,1,1,1,1,1,1,1,1,1,1,1,1,1,1,1,1,1,1,1,1,1,1,1,1,1,1,1,1,1,1,1,1,1,1,1,0,1,1,1,1,1,1,0,1,0,0,1,1,1,0,0,1,1,1,1,1,1,0,0,1,0,0,0,0,0,0,3,0,3,2,0,0,0,1,1,0,0,0,0,0,0,2,1,DM,GD,DM,GD,GD,GD,DP,DM,DY,DY,DY,DP,DP,DP,DY,DM,DV,DV,DJ,DJ,DJ,DJ,DV,DV,,,,,,,,,,,,,,,,,,,,,,,,
293,1,1,3,0,1,1,1,1,1,1,1,1,1,1,1,1,1,1,1,1,1,1,1,1,1,1,1,1,1,1,1,1,1,1,1,1,1,1,1,1,1,1,1,1,1,1,1,1,1,1,1,1,1,1,1,1,1,1,1,1,1,1,1,1,1,1,1,1,1,1,1,1,1,1,1,0,0,0,0,0,0,0,0,0,0,0,0,0,0,0,0,0,0,0,0,0,0,0,0,DP,DY,GD,GD,DM,DP,DY,DP,DP,DY,DY,DM,DM,GD,DM,GD,DV,DJ,DV,DV,DV,DJ,DJ,DJ,,,,,,,,,,,,,,,,,,,,,,,,
294,2,1,2,0,0,1,1,1,0,0,0,1,1,1,0,1,1,0,1,1,1,1,1,1,1,1,1,1,1,1,1,1,1,1,1,1,1,1,1,1,1,1,1,1,1,1,1,1,1,1,1,1,1,1,1,1,1,1,1,1,1,0,1,1,1,1,0,0,0,0,0,0,0,0,0,0,0,0,0,0,0,0,0,0,0,1,0,0,0,0,1,1,1,2,8,1,2,4,8,DM,DM,DM,GD,GD,GD,DY,DP,GD,DY,DP,DP,DM,DY,DY,DP,DV,DV,DV,DJ,DJ,DJ,DV,DJ,,,,,,,,,,,,,,,,,,,,,,,,
295,1,2,2,0,1,0,1,1,1,1,1,1,1,1,1,1,1,1,1,1,0,1,1,1,1,1,1,1,1,1,1,1,1,1,1,1,1,1,1,1,1,1,1,1,1,1,1,1,1,1,1,1,1,1,1,1,1,1,1,1,1,1,1,1,1,1,1,1,1,1,1,1,1,1,1,0,0,0,0,0,0,0,0,0,0,0,0,0,0,0,0,0,0,0,0,0,0,0,0,DM,GD,DP,DM,DY,DY,GD,DP,GD,DM,GD,DY,DP,DM,DP,DY,DV,DV,DV,DJ,DV,DJ,DJ,DJ,,,,,,,,,,,,,,,,,,,,,,,,
296,2,2,3,0,0,0,0,1,1,1,1,1,1,1,1,1,1,1,1,1,1,1,1,1,1,1,1,1,1,1,1,1,1,1,1,1,1,1,1,1,1,1,1,1,0,1,1,1,1,1,1,1,1,1,1,1,1,1,1,1,1,1,1,1,1,1,1,1,1,1,1,1,1,1,1,0,0,0,0,0,0,0,0,0,0,0,0,0,0,0,0,0,0,0,0,0,0,0,0,DP,GD,DY,GD,DM,DY,DP,DP,DP,DY,DM,DY,GD,GD,DM,DM,DJ,DJ,DV,DV,DV,DV,DJ,DJ,,,,,,,,,,,,,,,,,,,,,,,,
297,1,1,3,0,0,0,0,1,1,1,1,1,1,1,1,1,1,1,1,1,1,1,1,1,1,1,1,1,1,1,1,1,1,1,1,1,1,1,1,1,1,1,1,1,1,1,1,1,1,1,1,1,1,1,1,1,1,1,1,1,1,1,1,1,1,1,1,1,1,1,1,1,1,1,1,0,0,0,0,0,0,0,0,0,0,0,0,0,0,0,0,0,0,0,0,0,0,0,0,DM,GD,DM,GD,DY,DY,GD,DM,DY,DP,DP,DP,GD,DP,DM,DY,DV,DJ,DV,DJ,DV,DJ,DJ,DV,,,,,,,,,,,,,,,,,,,,,,,,
298,2,1,2,0,0,0,1,1,1,1,1,1,1,1,1,1,1,1,1,1,1,1,1,1,1,1,1,1,1,1,1,1,1,1,1,1,1,1,1,1,1,1,1,1,1,1,1,1,1,1,1,1,1,1,1,1,1,1,1,1,1,1,1,1,1,1,1,1,1,1,1,1,1,1,1,0,0,0,0,0,0,0,0,0,0,0,0,0,0,0,0,0,0,0,0,0,0,0,0,DY,DY,DM,DP,DP,DM,DY,GD,DP,GD,GD,DM,DP,DY,GD,DM,DV,DJ,DV,DV,DV,DJ,DJ,DJ,,,,,,,,,,,,,,,,,,,,,,,,
299,1,2,,0,0,1,0,1,0,0,0,0,1,1,1,1,0,1,0,1,1,1,0,1,1,1,1,1,0,1,1,1,0,0,1,1,0,1,1,1,1,1,0,1,1,1,0,1,1,1,1,1,1,0,1,0,0,0,0,1,0,1,1,0,0,0,1,0,1,0,0,0,0,0,0,0,0,1,0,1,1,7,2,0,1,0,0,1,1,1,0,2,0,2,1,3,2,1,1,GD,GD,DP,DP,DM,DM,DY,DY,GD,DM,GD,DP,DP,DY,DY,DM,DJ,DV,DJ,DV,DV,DV,DJ,DJ,,,,,,,,,,,,,,,,,,,,,,,,
300,2,2,3,0,0,0,1,1,0,1,1,1,1,1,1,1,1,0,1,1,1,1,1,1,1,1,1,1,1,1,1,1,1,1,1,1,1,1,1,1,1,1,1,1,1,1,1,1,1,1,1,1,1,1,1,1,1,0,1,1,1,1,1,1,1,0,1,1,0,1,0,0,0,1,0,0,0,0,0,0,0,1,0,0,0,0,0,0,0,2,0,0,4,0,4,2,2,0,2,DP,DM,GD,DM,DP,DM,DM,DY,DY,DY,GD,GD,DP,DP,DY,GD,DJ,DV,DJ,DV,DV,DJ,DJ,DV,,,,,,,,,,,,,,,,,,,,,,,,
301,1,1,2,0,0,0,1,0,0,0,1,1,0,1,0,1,0,1,0,1,0,0,0,0,0,1,1,1,1,1,1,1,1,0,1,1,1,1,1,1,1,1,1,1,1,1,1,1,1,1,1,1,1,1,1,1,1,1,1,1,1,1,1,1,1,1,1,1,1,1,1,1,1,1,1,0,0,0,0,0,0,0,0,0,0,0,0,0,0,0,0,0,0,0,0,0,0,0,0,GD,GD,DM,DM,DP,DP,DP,DM,DM,DY,DY,DY,GD,DY,DP,GD,DJ,DV,DJ,DJ,DV,DJ,DV,DV,,,,,,,,,,,,,,,,,,,,,,,,
302,2,1,1,0,0,1,1,1,1,1,1,1,1,1,1,1,1,1,1,1,1,1,1,1,1,1,1,1,1,1,1,1,1,1,1,1,1,1,0,1,1,1,1,1,1,1,1,1,1,1,1,1,1,1,1,1,1,1,1,1,1,1,1,1,1,1,1,1,1,1,1,1,1,1,1,0,0,0,0,0,0,0,0,0,0,0,0,0,0,0,0,0,0,0,0,0,0,0,0,GD,DM,GD,DM,DP,DY,DY,DY,DP,DP,DP,DY,DM,GD,GD,DM,DV,DJ,DV,DJ,DV,DV,DJ,DJ,,,,,,,,,,,,,,,,,,,,,,,,
303,1,2,2,0,0,0,1,0,1,1,1,1,1,1,1,1,1,1,1,1,1,1,1,1,1,1,1,1,1,1,1,1,1,1,1,1,1,1,1,1,1,1,1,1,1,1,1,1,1,1,1,1,1,1,1,1,1,1,1,1,1,1,1,1,1,1,1,1,1,1,1,1,1,1,1,0,0,0,0,0,0,0,0,0,0,0,0,0,0,0,0,0,0,0,0,0,0,0,0,DP,DP,DY,DY,GD,DP,DY,DM,GD,GD,DY,DM,DM,DM,DP,GD,DJ,DJ,DV,DJ,DJ,DV,DV,DV,,,,,,,,,,,,,,,,,,,,,,,,
304,2,2,1,0,0,1,0,1,1,0,1,0,1,0,0,1,1,1,1,1,0,1,0,1,1,1,1,1,1,1,1,1,1,1,1,1,1,1,1,1,1,1,1,1,1,1,1,1,1,1,1,0,1,1,1,1,0,1,0,0,1,0,0,1,1,1,1,0,0,1,0,0,0,0,0,2,0,0,0,0,4,0,4,1,0,4,4,0,0,0,0,2,1,0,3,9,6,9,6,DY,DP,GD,DM,DP,DY,GD,DY,DM,DY,DM,DM,GD,GD,DP,DP,DJ,DV,DV,DV,DJ,DJ,DJ,DV,,,,,,,,,,,,,,,,,,,,,,,,
305,1,1,3,1,0,1,0,1,1,0,1,1,1,0,1,1,0,1,1,1,0,1,0,1,1,1,1,1,1,1,1,1,1,1,1,1,1,1,1,1,1,1,1,1,1,1,1,1,1,1,1,0,1,0,0,0,1,1,1,1,1,1,0,0,1,0,1,0,0,0,0,1,0,0,0,2,0,1,3,1,0,0,0,0,0,0,1,2,0,1,0,4,3,4,6,0,4,3,6,GD,DM,DY,DP,GD,GD,DY,DP,DM,DY,DM,GD,DY,DP,DP,DM,DJ,DV,DJ,DJ,DJ,DV,DV,DV,,,,,,,,,,,,,,,,,,,,,,,,
306,2,1,2,0,0,0,1,1,0,1,0,0,1,0,0,0,0,1,1,1,1,0,1,1,1,1,1,1,1,1,1,1,1,1,1,1,0,1,1,1,1,1,1,1,1,1,1,1,1,1,1,0,0,1,1,1,0,1,1,0,1,0,0,1,1,1,1,0,0,0,1,0,0,0,0,1,1,0,0,0,1,0,0,2,0,1,1,0,0,0,0,2,3,2,0,4,1,2,4,GD,DY,DP,DP,DY,GD,DM,DM,GD,DY,GD,DP,DM,DY,DM,DP,DJ,DJ,DV,DV,DJ,DV,DV,DJ,,,,,,,,,,,,,,,,,,,,,,,,
307,1,2,2,0,0,1,1,0,1,0,1,1,1,1,1,1,0,1,1,1,1,1,1,1,1,1,1,1,1,1,1,1,1,1,1,1,1,1,1,1,1,1,1,1,1,1,1,1,1,1,1,1,1,1,1,1,1,1,1,1,1,1,1,1,1,1,1,1,1,1,1,1,1,1,1,0,0,0,0,0,0,0,0,0,0,0,0,0,0,0,0,0,0,0,0,0,0,0,0,DM,DY,DM,DY,DP,DM,GD,DP,DP,GD,GD,DY,DM,DP,DY,GD,DJ,DV,DJ,DV,DV,DJ,DV,DJ,,,,,,,,,,,,,,,,,,,,,,,,
308,2,2,3,0,0,0,0,0,0,0,1,0,0,0,0,0,0,0,0,0,0,1,1,1,0,0,0,0,1,1,1,0,1,1,0,0,0,0,0,1,0,1,1,1,0,1,1,1,0,1,1,0,0,1,0,0,1,0,1,0,0,1,0,1,0,1,0,0,0,0,0,0,0,0,0,1,1,0,2,1,0,2,0,2,1,0,1,0,2,0,1,3,5,5,4,5,6,2,1,DP,DM,DM,DY,DY,GD,DY,DP,DM,DM,GD,DP,GD,DP,GD,DY,DV,DV,DJ,DV,DJ,DJ,DJ,DV,,,,,,,,,,,,,,,,,,,,,,,,
309,1,1,1,0,0,0,1,1,1,1,1,1,1,1,1,1,0,1,1,1,1,1,1,0,1,1,1,1,1,1,1,1,1,1,1,1,1,1,1,1,1,1,1,1,1,1,1,1,1,1,1,1,1,1,1,1,1,1,1,1,1,1,1,1,1,1,1,1,1,1,1,1,1,1,1,0,0,0,0,0,0,0,0,0,0,0,0,0,0,0,0,0,0,0,0,0,0,0,0,DM,GD,DP,GD,DY,DP,DY,GD,DP,DY,DM,DM,DM,GD,DP,DY,DV,DV,DJ,DJ,DJ,DV,DJ,DV,,,,,,,,,,,,,,,,,,,,,,,,
310,2,1,1,0,0,0,0,0,0,0,1,0,0,1,0,0,0,0,0,0,0,0,0,0,0,0,1,1,0,0,0,1,0,0,0,0,1,1,1,0,0,0,0,1,0,0,1,0,1,1,0,0,1,1,0,0,0,1,1,0,1,0,0,0,0,0,0,0,0,0,0,0,0,0,0,1,0,0,1,2,2,0,0,2,0,2,3,1,1,1,3,3,4,3,3,5,5,2,6,DP,GD,DM,DP,DP,DP,DY,DM,DY,DM,GD,DY,GD,DM,DY,GD,DJ,DJ,DV,DV,DJ,DV,DV,DJ,,,,,,,,,,,,,,,,,,,,,,,,
311,1,2,1,0,0,0,1,0,0,1,0,1,1,1,1,1,1,1,1,0,1,1,1,1,1,1,1,1,1,1,1,1,1,1,1,1,1,1,1,1,1,1,0,1,1,1,1,1,1,1,1,1,1,1,1,1,1,1,1,1,1,1,1,1,1,1,1,1,1,1,1,1,1,1,1,0,0,0,0,0,0,0,0,0,0,0,0,0,0,0,0,0,0,0,0,0,0,0,0,DY,DY,GD,DY,GD,DM,DP,DM,GD,DY,DP,GD,DP,DM,DP,DM,DJ,DJ,DJ,DV,DV,DV,DJ,DV,,,,,,,,,,,,,,,,,,,,,,,,
312,2,2,1,1,0,0,0,0,0,1,1,1,1,0,1,1,1,0,0,1,0,1,1,0,1,1,1,1,1,1,1,0,1,1,1,1,1,1,1,1,1,1,1,1,1,0,1,1,1,1,1,0,0,1,1,1,1,1,1,1,0,1,0,0,1,0,0,0,0,0,0,1,0,0,0,3,3,0,0,0,0,0,0,0,4,0,3,1,0,1,2,2,2,1,4,0,1,6,3,DM,DY,GD,DY,GD,DY,DP,GD,DM,DM,GD,DY,DP,DP,DP,DM,DV,DJ,DV,DJ,DV,DV,DJ,DJ,,,,,,,,,,,,,,,,,,,,,,,,
313,1,1,2,0,0,0,0,1,1,1,1,1,1,1,1,1,1,1,1,1,1,1,1,1,1,1,1,1,1,1,1,1,1,1,1,1,1,1,1,1,1,1,1,1,1,1,1,1,1,1,1,1,1,1,1,1,1,1,1,1,1,1,1,1,1,1,1,1,1,1,1,1,1,1,1,0,0,0,0,0,0,0,0,0,0,0,0,0,0,0,0,0,0,0,0,0,0,0,0,GD,GD,DM,DM,DY,GD,DY,DM,DP,GD,DP,DP,DY,DM,DY,DP,DJ,DJ,DJ,DV,DV,DV,DJ,DV,,,,,,,,,,,,,,,,,,,,,,,,
314,2,1,1,0,1,1,1,1,1,1,1,1,1,1,1,1,1,1,1,1,1,1,1,1,1,1,1,1,1,1,1,1,1,1,1,1,1,1,1,1,1,1,1,1,1,1,1,1,1,1,1,1,1,1,1,1,1,1,1,1,1,1,1,1,1,1,1,1,1,1,1,1,1,1,1,0,0,0,0,0,0,0,0,0,0,0,0,0,0,0,0,0,0,0,0,0,0,0,0,GD,DP,DY,DP,GD,DP,DY,GD,DY,GD,DM,DP,DY,DM,DM,DM,DV,DJ,DV,DJ,DV,DJ,DJ,DV,,,,,,,,,,,,,,,,,,,,,,,,
315,1,2,2,1,0,0,1,1,1,1,1,1,1,1,1,1,1,1,1,1,1,1,1,1,1,1,1,1,1,1,1,1,1,1,1,1,1,1,1,1,1,1,1,1,1,1,1,1,1,1,1,1,1,1,1,1,1,1,1,1,1,1,1,1,1,1,1,1,1,1,1,1,1,1,1,0,0,0,0,0,0,0,0,0,0,0,0,0,0,0,0,0,0,0,0,0,0,0,0,DM,DM,DY,DP,GD,DY,DY,GD,DM,DP,DP,GD,GD,DY,DM,DP,DV,DJ,DV,DV,DJ,DJ,DV,DJ,,,,,,,,,,,,,,,,,,,,,,,,
316,2,2,1,0,1,0,0,0,1,0,0,0,1,0,0,0,1,0,0,0,0,0,0,1,0,0,0,1,1,1,1,1,1,1,1,1,1,1,0,1,0,1,1,0,1,1,1,1,1,0,1,1,1,0,1,1,1,0,1,0,1,1,1,0,0,1,1,0,1,0,0,0,0,0,0,0,0,1,0,0,0,1,0,1,0,0,0,1,1,0,0,4,0,8,8,1,5,4,1,DP,DM,DY,DP,DY,DY,DM,GD,DY,DP,GD,DM,DP,DM,GD,GD,DJ,DV,DJ,DJ,DV,DJ,DV,DV,,,,,,,,,,,,,,,,,,,,,,,,
317,1,1,2,0,1,0,0,0,1,1,1,1,1,1,1,1,1,1,1,1,1,1,1,1,1,1,1,1,1,1,1,1,1,1,1,1,1,1,1,1,1,1,1,1,1,1,1,1,1,1,1,1,1,1,1,1,1,1,1,1,1,1,1,1,1,1,1,1,1,1,1,1,1,1,1,0,0,0,0,0,0,0,0,0,0,0,0,0,0,0,0,0,0,0,0,0,0,0,0,GD,DM,DM,DM,DP,DM,DY,DY,GD,GD,DP,DY,DP,DP,GD,DY,DV,DJ,DJ,DV,DV,DJ,DV,DJ,,,,,,,,,,,,,,,,,,,,,,,,
318,2,1,2,0,1,0,0,0,0,0,0,0,1,0,0,1,0,0,0,0,0,0,0,0,0,0,0,0,0,0,1,1,0,0,0,1,0,1,0,0,0,1,0,1,0,1,1,0,0,1,0,0,0,1,1,1,0,0,0,0,0,1,0,0,0,0,0,0,0,1,0,0,0,0,0,1,1,0,0,0,1,1,2,2,4,0,2,2,1,2,4,6,4,0,3,8,1,1,7,GD,DP,DY,DY,DY,DP,GD,GD,GD,DM,DM,DY,DM,DP,DM,DP,DJ,DJ,DV,DJ,DV,DV,DV,DJ,,,,,,,,,,,,,,,,,,,,,,,,
319,1,2,2,1,1,1,0,1,1,1,1,1,1,1,1,1,1,1,1,1,1,1,1,1,1,1,1,1,1,1,1,1,1,1,1,1,1,1,1,1,1,1,1,1,1,1,1,1,1,1,1,1,1,1,1,1,1,1,1,1,1,1,1,1,1,1,1,1,1,1,1,1,1,1,1,0,0,0,0,0,0,0,0,0,0,0,0,0,0,0,0,0,0,0,0,0,0,0,0,GD,DP,DY,DY,DM,DP,DM,DP,GD,DM,DY,GD,DM,DY,DP,GD,DJ,DV,DV,DJ,DJ,DJ,DV,DV,,,,,,,,,,,,,,,,,,,,,,,,
320,2,2,2,0,1,0,0,0,0,1,0,1,0,1,1,1,1,1,1,1,1,1,1,1,1,1,1,1,1,1,1,1,1,1,1,1,1,1,1,1,1,1,1,1,1,1,1,1,1,1,1,1,1,1,1,1,1,1,1,1,1,1,1,1,1,1,1,1,1,1,1,1,1,1,1,0,0,0,0,0,0,0,0,0,0,0,0,0,0,0,0,0,0,0,0,0,0,0,0,DY,DP,DM,DY,DY,DM,DP,GD,DM,GD,DP,DY,GD,DM,GD,DP,DJ,DV,DJ,DJ,DV,DV,DJ,DV,,,,,,,,,,,,,,,,,,,,,,,,